Workbook

Sheet Arkusz2
A1: Godzina | B1: PV(W) | C1: Sieć(W) | D1: Odbiorniki energii(W) | F1: Godzina | G1: PV(W) | H1: Sieć(W) | I1: Odbiorniki energii(W)
A2: 0 | B2: =#REF! -> #REF! | C2: =#REF! -> #REF! | D2: =#REF! -> #REF! | F2: 0 | G2: =B2/12 -> #REF! | H2: =I2-G2 -> #REF! | I2: =D2/12 -> #REF!
A3: 1 | B3: =#REF! -> #REF! | C3: =#REF! -> #REF! | D3: =#REF! -> #REF! | F3: 1 | G3: =B3/12 -> #REF! | H3: =I3-G3 -> #REF! | I3: =D3/12 -> #REF!
A4: 2 | B4: =#REF! -> #REF! | C4: =#REF! -> #REF! | D4: =#REF! -> #REF! | F4: 2 | G4: =B4/12 -> #REF! | H4: =I4-G4 -> #REF! | I4: =D4/12 -> #REF!
A5: 3 | B5: =#REF! -> #REF! | C5: =#REF! -> #REF! | D5: =#REF! -> #REF! | F5: 3 | G5: =B5/12 -> #REF! | H5: =I5-G5 -> #REF! | I5: =D5/12 -> #REF!
A6: 4 | B6: =#REF! -> #REF! | C6: =#REF! -> #REF! | D6: =#REF! -> #REF! | F6: 4 | G6: =B6/12 -> #REF! | H6: =I6-G6 -> #REF! | I6: =D6/12 -> #REF!
A7: 5 | B7: =#REF! -> #REF! | C7: =#REF! -> #REF! | D7: =#REF! -> #REF! | F7: 5 | G7: =B7/12 -> #REF! | H7: =I7-G7 -> #REF! | I7: =D7/12 -> #REF!
A8: 6 | B8: =#REF! -> #REF! | C8: =#REF! -> #REF! | D8: =#REF! -> #REF! | F8: 6 | G8: =B8/12 -> #REF! | H8: =I8-G8 -> #REF! | I8: =D8/12 -> #REF!
A9: 7 | B9: =#REF! -> #REF! | C9: =#REF! -> #REF! | D9: =#REF! -> #REF! | F9: 7 | G9: =B9/12 -> #REF! | H9: =I9-G9 -> #REF! | I9: =D9/12 -> #REF!
A10: 8 | B10: =#REF! -> #REF! | C10: =#REF! -> #REF! | D10: =#REF! -> #REF! | F10: 8 | G10: =B10/12 -> #REF! | H10: =I10-G10 -> #REF! | I10: =D10/12 -> #REF!
A11: 9 | B11: =#REF! -> #REF! | C11: =#REF! -> #REF! | D11: =#REF! -> #REF! | F11: 9 | G11: =B11/12 -> #REF! | H11: =I11-G11 -> #REF! | I11: =D11/12 -> #REF!
A12: 10 | B12: =#REF! -> #REF! | C12: =#REF! -> #REF! | D12: =#REF! -> #REF! | F12: 10 | G12: =B12/12 -> #REF! | H12: =I12-G12 -> #REF! | I12: =D12/12 -> #REF!
A13: 11 | B13: =#REF! -> #REF! | C13: =#REF! -> #REF! | D13: =#REF! -> #REF! | F13: 11 | G13: =B13/12 -> #REF! | H13: =I13-G13 -> #REF! | I13: =D13/12 -> #REF!
... A25: 23 | B25: =#REF! -> #REF! | C25: =#REF! -> #REF! | D25: =#REF! -> #REF! | F25: 23 | G25: =B25/12 -> #REF! | H25: =I25-G25 -> #REF! | I25: =D25/12 -> #REF!

Sheet Arkusz3
B2: Godzina | C2: 0 | D2: 1 | E2: 2 | F2: 3 | G2: 4 | H2: 5 | I2: 6 | J2: 7 | K2: 8 | L2: 9 | M2: 10 | N2: 11 | O2: 12 | P2: 13 | Q2: 14 | R2: 15 | S2: 16 | T2: 17 | U2: 18 | V2: 19 | W2: 20 | X2: 21 | Y2: 22 | Z2: 23
B3: PV(W) | C3: =Arkusz2!G2 -> #REF! | D3: =Arkusz2!G3 -> #REF! | E3: =Arkusz2!G4 -> #REF! | F3: =Arkusz2!G5 -> #REF! | G3: =Arkusz2!G6 -> #REF! | H3: =Arkusz2!G7 -> #REF! | I3: =Arkusz2!G8 -> #REF! | J3: =Arkusz2!G9 -> #REF! | K3: =Arkusz2!G10 -> #REF! | L3: =Arkusz2!G11 -> #REF! | M3: =Arkusz2!G12 -> #REF! | N3: =Arkusz2!G13 -> #REF! | O3: =Arkusz2!G14 -> #REF! | P3: =Arkusz2!G15 -> #REF! | Q3: =Arkusz2!G16 -> #REF! | R3: =Arkusz2!G17 -> #REF! | S3: =Arkusz2!G18 -> #REF! | T3: =Arkusz2!G19 -> #REF! | U3: =Arkusz2!G20 -> #REF! | V3: =Arkusz2!G21 -> #REF! | W3: =Arkusz2!G22 -> #REF! | X3: =Arkusz2!G23 -> #REF! | Y3: =Arkusz2!G24 -> #REF! | Z3: =Arkusz2!G25 -> #REF!
B4: Sieć(W) | C4: =C5-C3 -> #REF! | D4: =D5-D3 -> #REF! | E4: =E5-E3 -> #REF! | F4: =F5-F3 -> #REF! | G4: =G5-G3 -> #REF! | H4: =H5-H3 -> #REF! | I4: =I5-I3 -> #REF! | J4: =J5-J3 -> #REF! | ... Z4: =Z5-Z3 -> #REF!
B5: Odbiorniki energii(W) | C5: =Arkusz2!I2 -> #REF! | D5: =Arkusz2!I3 -> #REF! | E5: =Arkusz2!I4 -> #REF! | F5: =Arkusz2!I5 -> #REF! | G5: =Arkusz2!I6 -> #REF! | H5: =Arkusz2!I7 -> #REF! | I5: =Arkusz2!I8 -> #REF! | J5: =Arkusz2!I9 -> #REF! | K5: =Arkusz2!I10 -> #REF! | L5: =Arkusz2!I11 -> #REF! | M5: =Arkusz2!I12 -> #REF! | N5: =Arkusz2!I13 -> #REF! | O5: =Arkusz2!I14 -> #REF! | P5: =Arkusz2!I15 -> #REF! | Q5: =Arkusz2!I16 -> #REF! | R5: =Arkusz2!I17 -> #REF! | S5: =Arkusz2!I18 -> #REF! | T5: =Arkusz2!I19 -> #REF! | U5: =Arkusz2!I20 -> #REF! | V5: =Arkusz2!I21 -> #REF! | W5: =Arkusz2!I22 -> #REF! | X5: =Arkusz2!I23 -> #REF! | Y5: =Arkusz2!I24 -> #REF! | Z5: =Arkusz2!I25 -> #REF!

Sheet Grafiki generacji
A1: dane MWE
A2: KOD PPE | E2: 5902xxxxxxxxxxxxx
A3: KOD MWE | E3: MWE_xxxxxxxxxx
A4: TYP ŹRÓDŁA ENERGII PIERWOTNEJ | E4: Fotowoltaika (P)
A7: Planowana generacja wyrażona w MW
A8: Data | B8: Generacja | C8: 1 | D8: 2 | E8: 3 | F8: 4 | G8: 5 | H8: 6 | I8: 7 | J8: 8 | K8: 9 | L8: 10 | M8: 11 | N8: 12 | O8: 13 | P8: 14 | Q8: 15 | R8: 16 | S8: 17 | T8: 18 | U8: 19 | V8: 20 | W8: 21 | X8: 22 | Y8: 23 | Z8: 24
A9: 03.10.2025 | B9: Netto | C9: 0 | D9: 0 | E9: 0 | F9: 0 | G9: 0 | H9: 0 | I9: 0 | J9: 0 | K9: 0 | L9: 0.1556 | M9: 0.1828 | N9: 0.1928 | O9: 0.1862 | P9: 0.1644 | Q9: 0.1359 | R9: 0.0897 | S9: 0.0351 | T9: 0.0012 | U9: 0 | V9: 0 | W9: 0 | X9: 0 | Y9: 0 | Z9: 0
A10: 03.10.2025 | B10: Do sieci | C10: 0 | D10: 0 | E10: 0 | F10: 0 | G10: 0 | H10: 0 | I10: 0 | J10: 0 | K10: 0 | L10: 0 | M10: 0 | N10: 0 | O10: 0 | P10: 0 | Q10: 0 | R10: 0 | S10: 0 | T10: 0 | U10: 0 | V10: 0 | W10: 0 | X10: 0 | Y10: 0 | Z10: 0
A11: 04.10.2025 | B11: Netto | C11: 0 | D11: 0 | E11: 0 | F11: 0 | G11: 0 | H11: 0 | I11: 0.0142 | J11: 0.0567 | K11: 0.1074 | L11: 0.1515 | M11: 0.1745 | N11: 0.1805 | O11: 0.1755 | P11: 0.152 | Q11: 0.1115 | R11: 0.0432 | S11: 0.0096 | T11: 0 | U11: 0 | V11: 0 | W11: 0 | X11: 0 | Y11: 0 | Z11: 0
A12: 04.10.2025 | B12: Do sieci | C12: 0 | D12: 0 | E12: 0 | F12: 0 | G12: 0 | H12: 0 | I12: 0 | J12: 0 | K12: 0 | L12: 0 | M12: 0 | N12: 0 | O12: 0 | P12: 0 | Q12: 0 | R12: 0 | S12: 0 | T12: 0 | U12: 0 | V12: 0 | W12: 0 | X12: 0 | Y12: 0 | Z12: 0
A13: 05.10.2025 | B13: Netto | C13: 0 | D13: 0 | E13: 0 | F13: 0 | G13: 0 | H13: 0 | I13: 0.013 | J13: 0.0379 | K13: 0.0779 | L13: 0.1305 | M13: 0.1437 | N13: 0.1457 | O13: 0.1213 | P13: 0.1204 | Q13: 0.0906 | R13: 0.0571 | S13: 0.0228 | T13: 0.0007 | U13: 0 | V13: 0 | W13: 0 | X13: 0 | Y13: 0 | Z13: 0
A14: 05.10.2025 | B14: Do sieci | C14: 0 | D14: 0 | E14: 0 | F14: 0 | G14: 0 | H14: 0 | I14: 0 | J14: 0 | K14: 0 | L14: 0 | M14: 0.0037 | N14: 0 | O14: 0 | P14: 0 | Q14: 0 | R14: 0 | S14: 0 | T14: 0 | U14: 0 | V14: 0 | W14: 0 | X14: 0 | Y14: 0 | Z14: 0
A15: 06.10.2025 | B15: Netto | C15: 0 | D15: 0 | E15: 0 | F15: 0 | G15: 0 | H15: 0 | I15: 0.0016 | J15: 0.021 | K15: 0.0334 | L15: 0.0467 | M15: 0.0561 | N15: 0.0659 | O15: 0.0584 | P15: 0.0551 | Q15: 0.0424 | R15: 0.0256 | S15: 0.0123 | T15: 0.0004 | U15: 0 | V15: 0 | W15: 0 | X15: 0 | Y15: 0 | Z15: 0
A16: 06.10.2025 | B16: Do sieci | C16: 0 | D16: 0 | E16: 0 | F16: 0 | G16: 0 | H16: 0 | I16: 0 | J16: 0 | K16: 0 | L16: 0 | M16: 0 | N16: 0 | O16: 0 | P16: 0 | Q16: 0 | R16: 0 | S16: 0 | T16: 0 | U16: 0 | V16: 0 | W16: 0 | X16: 0 | Y16: 0 | Z16: 0
A17: 07.10.2025 | B17: Netto | C17: 0 | D17: 0 | E17: 0 | F17: 0 | G17: 0 | H17: 0 | I17: 0.0039 | J17: 0.0284 | K17: 0.0477 | L17: 0.0465 | M17: 0.05 | N17: 0.0677 | O17: 0.0685 | P17: 0.0546 | Q17: 0.0094 | R17: 0.007 | S17: 0.0049 | T17: 0.0002 | U17: 0 | V17: 0 | W17: 0 | X17: 0 | Y17: 0 | Z17: 0
A18: 07.10.2025 | B18: Do sieci | C18: 0 | D18: 0 | E18: 0 | F18: 0 | G18: 0 | H18: 0 | I18: 0 | J18: 0 | K18: 0 | L18: 0 | M18: 0 | N18: 0 | O18: 0 | P18: 0 | Q18: 0 | R18: 0 | S18: 0 | T18: 0 | U18: 0 | V18: 0 | W18: 0 | X18: 0 | Y18: 0 | Z18: 0
A19: 08.10.2025 | B19: Netto | C19: 0 | D19: 0 | E19: 0 | F19: 0 | G19: 0 | H19: 0 | I19: 0.003 | J19: 0.0348 | K19: 0.0661 | L19: 0.0865 | M19: 0.0634 | N19: 0.0776 | O19: 0.0747 | P19: 0.0583 | Q19: 0.0114 | R19: 0.0111 | S19: 0.0104 | T19: 0.0004 | U19: 0 | V19: 0 | W19: 0 | X19: 0 | Y19: 0 | Z19: 0
A20: 08.10.2025 | B20: Do sieci | C20: 0 | D20: 0 | E20: 0 | F20: 0 | G20: 0 | H20: 0 | I20: 0 | J20: 0 | K20: 0 | L20: 0 | M20: 0 | N20: 0 | O20: 0 | P20: 0 | Q20: 0 | R20: 0 | S20: 0 | T20: 0 | U20: 0 | V20: 0 | W20: 0 | X20: 0 | Y20: 0 | Z20: 0
... A30: 13.10.2025 | B30: Do sieci | C30: 0 | D30: 0 | E30: 0 | F30: 0 | G30: 0 | H30: 0 | I30: 0 | J30: 0 | K30: 0 | L30: 0 | M30: 0 | N30: 0 | O30: 0 | P30: 0 | Q30: 0 | R30: 0 | S30: 0 | T30: 0 | U30: 0 | V30: 0 | W30: 0 | X30: 0 | Y30: 0 | Z30: 0

Sheet Dane
A1: STAŁE | B1: Generacja | C1: Godzina
C2: 1 | D2: 2 | E2: 3 | F2: 4 | G2: 5 | H2: 6 | I2: 7 | J2: 8 | K2: 9 | L2: 10 | M2: 11 | N2: 12 | O2: 13 | P2: 14 | Q2: 15 | R2: 16 | S2: 17 | T2: 18 | U2: 19 | V2: 20 | W2: 21 | X2: 22 | Y2: 23 | Z2: 24
B3: potrzeby_wlasne_roboczy | C3: 0.165 | D3: 0.17 | E3: 0.147 | F3: 0.15 | G3: 0.155 | H3: 0.183 | I3: 0.162 | J3: 0.195 | K3: 0.21 | L3: 0.218 | M3: 0.226 | N3: 0.262 | O3: 0.259 | P3: 0.24 | Q3: 0.228 | R3: 0.219 | S3: 0.198 | T3: 0.211 | U3: 0.18 | V3: 0.17 | W3: 0.202 | X3: 0.166 | Y3: 0.16 | Z3: 0.157 | AA3: MW
B4: potrzeby_wlasne_sobota | C4: 0.144 | D4: 0.128 | E4: 0.147 | F4: 0.143 | G4: 0.152 | H4: 0.173 | I4: 0.172 | J4: 0.173 | K4: 0.183 | L4: 0.191 | M4: 0.18 | N4: 0.198 | O4: 0.196 | P4: 0.188 | Q4: 0.206 | R4: 0.186 | S4: 0.175 | T4: 0.171 | U4: 0.15 | V4: 0.151 | W4: 0.159 | X4: 0.15 | Y4: 0.142 | Z4: 0.141 | AA4: MW
B5: potrzeby_wlasne_niedziela | C5: 0.168 | D5: 0.154 | E5: 0.143 | F5: 0.143 | G5: 0.164 | H5: 0.172 | I5: 0.156 | J5: 0.15 | K5: 0.141 | L5: 0.146 | M5: 0.14 | N5: 0.149 | O5: 0.154 | P5: 0.146 | Q5: 0.155 | R5: 0.142 | S5: 0.142 | T5: 0.163 | U5: 0.171 | V5: 0.133 | W5: 0.135 | X5: 0.138 | Y5: 0.134 | Z5: 0.13 | AA5: MW | AB5: moc potrzeb wlasnych przedseiebiorstwa MW
B6: Irradiacja 100% | C6: 0 | D6: 0 | E6: 0 | F6: 0 | G6: 0 | H6: 0 | I6: 111.8 | J6: 326.8 | K6: 551 | L6: 748 | M6: 897.4 | N6: 990.4 | O6: 1014.2 | P6: 979.2 | Q6: 877.2 | R6: 726.9 | S6: 524 | T6: 299.5 | U6: 91.4 | V6: 29.3 | W6: 0 | X6: 0 | Y6: 0 | Z6: 0 | AA6: W/m2 | AB6: irradiacja na idealny dzień
B7: netto 100% | C7: 0 | D7: 0 | E7: 0 | F7: 0 | G7: 0 | H7: 0 | I7: 0.031 | J7: 0.1 | K7: 0.187 | L7: 0.259 | M7: 0.312 | N7: 0.344 | O7: 0.361 | P7: 0.359 | Q7: 0.341 | R7: 0.303 | S7: 0.246 | T7: 0.17 | U7: 0.086 | V7: 0.027 | W7: 0 | X7: 0 | Y7: 0 | Z7: 0 | AA7: MW | AB7: produkcja PV w 100% max MW
A10: POBIERANA IRRADIANCJA | B10: Data | C10: Godzina
C11: 1 | D11: 2 | E11: 3 | F11: 4 | G11: 5 | H11: 6 | I11: 7 | J11: 8 | K11: 9 | L11: 10 | M11: 11 | N11: 12 | O11: 13 | P11: 14 | Q11: 15 | R11: 16 | S11: 17 | T11: 18 | U11: 19 | V11: 20 | W11: 21 | X11: 22 | Y11: 23 | Z11: 24
B12: 03.10.2025 | C12: 0 | D12: 0 | E12: 0 | F12: 0 | G12: 0 | H12: 0 | I12: 0 | J12: 0 | K12: 0 | L12: 449.45 | M12: 525.9 | N12: 555.01 | O12: 523.24 | P12: 448.36 | Q12: 349.57 | R12: 215.3 | S12: 74.66 | T12: 2.14 | U12: 0 | V12: 0 | W12: 0 | X12: 0 | Y12: 0 | Z12: 0
B13: 04.10.2025 | C13: 0 | D13: 0 | E13: 0 | F13: 0 | G13: 0 | H13: 0.25 | I13: 51.21 | J13: 185.17 | K13: 316.31 | L13: 437.52 | M13: 501.82 | N13: 519.69 | O13: 493.14 | P13: 414.67 | Q13: 286.95 | R13: 103.66 | S13: 20.35 | T13: 0.06 | U13: 0 | V13: 0 | W13: 0 | X13: 0 | Y13: 0 | Z13: 0
B14: 05.10.2025 | C14: 0 | D14: 0 | E14: 0 | F14: 0 | G14: 0 | H14: 0 | I14: 46.75 | J14: 123.93 | K14: 229.39 | L14: 376.92 | M14: 413.26 | N14: 419.62 | O14: 340.65 | P14: 328.44 | Q14: 232.95 | R14: 137.04 | S14: 48.59 | T14: 1.16 | U14: 0 | V14: 0 | W14: 0 | X14: 0 | Y14: 0 | Z14: 0
B15: 06.10.2025 | C15: 0 | D15: 0 | E15: 0 | F15: 0 | G15: 0 | H15: 0.17 | I15: 5.85 | J15: 68.65 | K15: 98.34 | L15: 134.79 | M15: 161.37 | N15: 189.63 | O15: 163.93 | P15: 150.33 | Q15: 109.16 | R15: 61.42 | S15: 26.24 | T15: 0.69 | U15: 0 | V15: 0 | W15: 0 | X15: 0 | Y15: 0 | Z15: 0
B16: 07.10.2025 | C16: 0 | D16: 0 | E16: 0 | F16: 0 | G16: 0 | H16: 0 | I16: 14.09 | J16: 92.89 | K16: 140.69 | L16: 134.17 | M16: 143.76 | N16: 194.97 | O16: 192.48 | P16: 148.95 | Q16: 24.21 | R16: 16.88 | S16: 10.41 | T16: 0.29 | U16: 0 | V16: 0 | W16: 0 | X16: 0 | Y16: 0 | Z16: 0
B17: 08.10.2025 | C17: 0 | D17: 0 | E17: 0 | F17: 0 | G17: 0 | H17: 0 | I17: 10.73 | J17: 113.78 | K17: 194.9 | L17: 249.68 | M17: 182.45 | N17: 223.28 | O17: 209.81 | P17: 158.91 | Q17: 29.27 | R17: 26.71 | S17: 22.2 | T17: 0.71 | U17: 0 | V17: 0 | W17: 0 | X17: 0 | Y17: 0 | Z17: 0
B18: 09.10.2025 | C18: 0 | D18: 0 | E18: 0 | F18: 0 | G18: 0 | H18: 0 | I18: 23.42 | J18: 132.38 | K18: 279.13 | L18: 364.7 | M18: 388.55 | N18: 428.41 | O18: 448.41 | P18: 351.2 | Q18: 262.26 | R18: 144.19 | S18: 34.02 | T18: 1.22 | U18: 0 | V18: 0 | W18: 0 | X18: 0 | Y18: 0 | Z18: 0
A21: Obliczenia
A22: Data | B22: Generacja | C22: 1 | D22: 2 | E22: 3 | F22: 4 | G22: 5 | H22: 6 | I22: 7 | J22: 8 | K22: 9 | L22: 10 | M22: 11 | N22: 12 | O22: 13 | P22: 14 | Q22: 15 | R22: 16 | S22: 17 | T22: 18 | U22: 19 | V22: 20 | W22: 21 | X22: 22 | Y22: 23 | Z22: 24
A23: 03.10.2025 | B23: Netto | C23: 0 | D23: 0 | E23: 0 | F23: 0 | G23: 0 | H23: 0 | I23: 0 | J23: 0 | K23: 0 | L23: 0.1556 | M23: 0.1828 | N23: 0.1928 | O23: 0.1862 | P23: 0.1644 | Q23: 0.1359 | R23: 0.0897 | S23: 0.0351 | T23: 0.0012 | U23: 0 | V23: 0 | W23: 0 | X23: 0 | Y23: 0 | Z23: 0
A24: 03.10.2025 | B24: Do sieci | C24: 0 | D24: 0 | E24: 0 | F24: 0 | G24: 0 | H24: 0 | I24: 0 | J24: 0 | K24: 0 | L24: 0 | M24: 0 | N24: 0 | O24: 0 | P24: 0 | Q24: 0 | R24: 0 | S24: 0 | T24: 0 | U24: 0 | V24: 0 | W24: 0 | X24: 0 | Y24: 0 | Z24: 0
A25: 04.10.2025 | B25: Netto | C25: 0 | D25: 0 | E25: 0 | F25: 0 | G25: 0 | H25: 0 | I25: 0.0142 | J25: 0.0567 | K25: 0.1074 | L25: 0.1515 | M25: 0.1745 | N25: 0.1805 | O25: 0.1755 | P25: 0.152 | Q25: 0.1115 | R25: 0.0432 | S25: 0.0096 | T25: 0 | U25: 0 | V25: 0 | W25: 0 | X25: 0 | Y25: 0 | Z25: 0
A26: 04.10.2025 | B26: Do sieci | C26: 0 | D26: 0 | E26: 0 | F26: 0 | G26: 0 | H26: 0 | I26: 0 | J26: 0 | K26: 0 | L26: 0 | M26: 0 | N26: 0 | O26: 0 | P26: 0 | Q26: 0 | R26: 0 | S26: 0 | T26: 0 | U26: 0 | V26: 0 | W26: 0 | X26: 0 | Y26: 0 | Z26: 0
A27: 05.10.2025 | B27: Netto | C27: 0 | D27: 0 | E27: 0 | F27: 0 | G27: 0 | H27: 0 | I27: 0.013 | J27: 0.0379 | K27: 0.0779 | L27: 0.1305 | M27: 0.1437 | N27: 0.1457 | O27: 0.1213 | P27: 0.1204 | Q27: 0.0906 | R27: 0.0571 | S27: 0.0228 | T27: 0.0007 | U27: 0 | V27: 0 | W27: 0 | X27: 0 | Y27: 0 | Z27: 0
A28: 05.10.2025 | B28: Do sieci | C28: 0 | D28: 0 | E28: 0 | F28: 0 | G28: 0 | H28: 0 | I28: 0 | J28: 0 | K28: 0 | L28: 0 | M28: 0.0037 | N28: 0 | O28: 0 | P28: 0 | Q28: 0 | R28: 0 | S28: 0 | T28: 0 | U28: 0 | V28: 0 | W28: 0 | X28: 0 | Y28: 0 | Z28: 0
A29: 06.10.2025 | B29: Netto | C29: 0 | D29: 0 | E29: 0 | F29: 0 | G29: 0 | H29: 0 | I29: 0.0016 | J29: 0.021 | K29: 0.0334 | L29: 0.0467 | M29: 0.0561 | N29: 0.0659 | O29: 0.0584 | P29: 0.0551 | Q29: 0.0424 | R29: 0.0256 | S29: 0.0123 | T29: 0.0004 | U29: 0 | V29: 0 | W29: 0 | X29: 0 | Y29: 0 | Z29: 0
A30: 06.10.2025 | B30: Do sieci | C30: 0 | D30: 0 | E30: 0 | F30: 0 | G30: 0 | H30: 0 | I30: 0 | J30: 0 | K30: 0 | L30: 0 | M30: 0 | N30: 0 | O30: 0 | P30: 0 | Q30: 0 | R30: 0 | S30: 0 | T30: 0 | U30: 0 | V30: 0 | W30: 0 | X30: 0 | Y30: 0 | Z30: 0
A31: 07.10.2025 | B31: Netto | C31: 0 | D31: 0 | E31: 0 | F31: 0 | G31: 0 | H31: 0 | I31: 0.0039 | J31: 0.0284 | K31: 0.0477 | L31: 0.0465 | M31: 0.05 | N31: 0.0677 | O31: 0.0685 | P31: 0.0546 | Q31: 0.0094 | R31: 0.007 | S31: 0.0049 | T31: 0.0002 | U31: 0 | V31: 0 | W31: 0 | X31: 0 | Y31: 0 | Z31: 0
A32: 07.10.2025 | B32: Do sieci | C32: 0 | D32: 0 | E32: 0 | F32: 0 | G32: 0 | H32: 0 | I32: 0 | J32: 0 | K32: 0 | L32: 0 | M32: 0 | N32: 0 | O32: 0 | P32: 0 | Q32: 0 | R32: 0 | S32: 0 | T32: 0 | U32: 0 | V32: 0 | W32: 0 | X32: 0 | Y32: 0 | Z32: 0
A33: 08.10.2025 | B33: Netto | C33: 0 | D33: 0 | E33: 0 | F33: 0 | G33: 0 | H33: 0 | I33: 0.003 | J33: 0.0348 | K33: 0.0661 | L33: 0.0865 | M33: 0.0634 | N33: 0.0776 | O33: 0.0747 | P33: 0.0583 | Q33: 0.0114 | R33: 0.0111 | S33: 0.0104 | T33: 0.0004 | U33: 0 | V33: 0 | W33: 0 | X33: 0 | Y33: 0 | Z33: 0
A34: 08.10.2025 | B34: Do sieci | C34: 0 | D34: 0 | E34: 0 | F34: 0 | G34: 0 | H34: 0 | I34: 0 | J34: 0 | K34: 0 | L34: 0 | M34: 0 | N34: 0 | O34: 0 | P34: 0 | Q34: 0 | R34: 0 | S34: 0 | T34: 0 | U34: 0 | V34: 0 | W34: 0 | X34: 0 | Y34: 0 | Z34: 0
... A44: 13.10.2025 | B44: Do sieci | C44: 0 | D44: 0 | E44: 0 | F44: 0 | G44: 0 | H44: 0 | I44: 0 | J44: 0 | K44: 0 | L44: 0 | M44: 0 | N44: 0 | O44: 0 | P44: 0 | Q44: 0 | R44: 0 | S44: 0 | T44: 0 | U44: 0 | V44: 0 | W44: 0 | X44: 0 | Y44: 0 | Z44: 0
